date	funestus_sc_8_arabiensis_sc_29	funestus_sc_20_arabiensis_sc_62	funestus_sc_4_arabiensis_sc_57	observed
20111121	0.349047154188	0.487586885691	0.195049509406	NaN
20111122	0.344689369202	0.50248259306	0.207135781646	NaN
20111123	0.34534534812	0.49155908823	0.202180370688	NaN
20111124	0.34534534812	0.497517377138	0.216055497527	NaN
20111125	0.348348349333	0.490566045046	0.199207141995	NaN
20111126	0.354354351759	0.471698105335	0.208126857877	NaN
20111127	0.377377390862	0.480119287968	0.201189294457	NaN
20111128	0.364364355802	0.472166985273	0.206144690514	NaN
20111129	0.379759520292	0.478131204844	0.195049509406	NaN
20111130	0.368104308844	0.470646768808	0.200990095735	NaN
20111201	0.384769529104	0.481592029333	0.20000000298	NaN
20111202	0.375751495361	0.473631829023	0.186138615012	NaN
20111203	0.373747497797	0.482587069273	0.192079201341	NaN
20111204	0.369739472866	0.478606969118	0.191889211536	NaN
20111205	0.365731477737	0.485572129488	0.182178214192	NaN
20111206	0.357715427875	0.467661678791	0.180198013782	0.456790123457
20111207	0.368737488985	0.474103599787	0.183168321848	NaN
20111208	0.357357352972	0.440239042044	0.183976262808	NaN
20111209	0.349349349737	0.460159361363	0.169139459729	NaN
20111210	0.32932934165	0.466135472059	0.167161226273	NaN
20111211	0.336673349142	0.454636096954	0.171117708087	NaN
20111212	0.170170173049	0.230309069157	0.0939663723111	NaN
20111213	0.18418417871	0.227318048477	0.110891088843	NaN
20111214	0.172172173858	0.225324034691	0.109900988638	NaN
20111215	0.187000006437	0.229540914297	0.120792075992	NaN
20111216	0.170000001788	0.214570865035	0.104950495064	NaN
20111217	0.178000003099	0.229540914297	0.127722769976	NaN
20111218	0.174825176597	0.223776221275	0.122772276401	NaN
20111219	0.179000005126	0.227772220969	0.128712877631	NaN
20111220	0.15884116292	0.22077922523	0.122650839388	NaN
20111221	0.167832165956	0.218999996781	0.130563795567	NaN
20111222	0.167832165956	0.226773232222	0.133531153202	NaN
20111223	0.182634726167	0.212787210941	0.13550940156	NaN
20111224	0.179640725255	0.200799196958	0.127596437931	NaN
20111225	0.18562874198	0.19980019331	0.12166172266	NaN
20111226	0.1746506989	0.196606785059	0.111770525575	NaN
20111227	0.188434690237	0.194610774517	0.115726999938	NaN
20111228	0.183449655771	0.200598806143	0.114624507725	NaN
20111229	0.196410760283	0.194610774517	0.111660078168	NaN
20111230	0.178464606404	0.179640725255	0.109792284668	NaN
20111231	0.204386845231	0.18562874198	0.122650839388	NaN
20120101	0.183449655771	0.188622757793	0.116716124117	NaN
20120102	0.18562874198	0.191616773605	0.123639963567	NaN
20120103	0.172654688358	0.190618768334	0.12166172266	NaN
20120104	0.1746506989	0.193612769246	0.126482218504	NaN
20120105	0.169660672545	0.18562874198	0.118577077985	NaN
20120106	0.175648704171	0.194416746497	0.124505929649	NaN
20120107	0.162512466311	0.182452648878	0.120553359389	NaN
20120108	0.172310754657	0.182452648878	0.124629080296	NaN
20120109	0.164342626929	0.187437683344	0.131552919745	NaN
20120110	0.155378490686	0.193419739604	0.13550940156	NaN
20120111	0.158366531134	0.193419739604	0.122650839388	NaN
20120112	0.162350594997	0.194416746497	0.13550940156	NaN
20120113	0.158366531134	0.204386845231	0.124505929649	NaN
20120114	0.15438246727	0.213359922171	0.120553359389	NaN
20120115	0.164342626929	0.214356929064	0.128458499908	NaN
20120116	0.16932271421	0.204386845231	0.13735178113	NaN
20120117	0.164342626929	0.214356929064	0.123639963567	NaN
20120118	0.160358563066	0.211365908384	0.134520277381	NaN
20120119	0.166334658861	0.223330006003	0.128458499908	NaN
20120120	0.16932271421	0.21635094285	0.132411062717	NaN
20120121	0.162512466311	0.206380859017	0.11660078913	NaN
20120122	0.171485543251	0.217347949743	0.128458499908	NaN
20120123	0.144566297531	0.211365908384	0.134387359023	NaN
20120124	0.175473585725	0.227318048477	0.123639963567	NaN
20120125	0.159521430731	0.221335992217	0.113748766482	NaN
20120126	0.161515459418	0.223330006003	0.12858556211	NaN
20120127	0.162512466311	0.226321041584	0.131552919745	NaN
20120128	0.174476563931	0.229312062264	0.126607313752	NaN
20120129	0.168662667274	0.227318048477	0.127596437931	NaN
20120130	0.176646709442	0.232303097844	0.129574671388	NaN
20120131	0.173479557037	0.245019927621	0.130563795567	NaN
20120201	0.178464606404	0.247011959553	0.126482218504	NaN
20120202	0.172482550144	0.245019927621	0.115612648428	NaN
20120203	0.175473585725	0.248007968068	0.127470359206	NaN
20120204	0.183449655771	0.240039840341	0.136363640428	NaN
20120205	0.188434690237	0.25	0.140316203237	NaN
20120206	0.182452648878	0.248007968068	0.129574671388	NaN
20120207	0.193419739604	0.258706480265	0.146389707923	NaN
20120208	0.19760479033	0.243538767099	0.143422350287	NaN
20120209	0.200799196958	0.258449316025	0.134520277381	NaN
20120210	0.195804193616	0.260696530342	0.146389707923	NaN
20120211	0.196803197265	0.255721390247	0.144268780947	NaN
20120212	0.187812194228	0.248756214976	0.135375499725	NaN
20120213	0.198602795601	0.251741290093	0.148221343756	NaN
20120214	0.19380620122	0.246520876885	0.147233203053	NaN
20120215	0.202797204256	0.243538767099	0.145256921649	NaN
20120216	0.185814186931	0.256461232901	0.139328062534	NaN
20120217	0.188811182976	0.236580520868	0.153162062168	NaN
20120218	0.201596811414	0.228628233075	0.140316203237	NaN
20120219	0.205588817596	0.239562630653	0.149209484458	NaN
20120220	0.191616773605	0.242544725537	0.147233203053	NaN
20120221	0.193612769246	0.22564612329	0.148075029254	NaN
20120222	0.188622757793	0.215705767274	0.158777117729	NaN
20120223	0.196606785059	0.227634191513	0.142998024821	NaN
20120224	0.191616773605	0.223658055067	0.142011836171	NaN
20120225	0.178821176291	0.221669986844	0.155818536878	NaN
20120226	0.170829176903	0.211729615927	0.145956605673	NaN
20120227	0.189999997616	0.220675945282	0.157790929079	NaN
20120228	0.18418417871	0.220895528793	0.162721887231	NaN
20120229	0.176176175475	0.224875628948	0.151873767376	NaN
20120301	0.170170173049	0.233830839396	0.161735698581	NaN
20120302	0.179179176688	0.230616301298	0.156804740429	NaN
20120303	0.171171173453	0.22564612329	0.162721887231	NaN
20120304	0.19319319725	0.211729615927	0.163708090782	NaN
20120305	0.200200200081	0.233598411083	0.161735698581	NaN
20120306	0.196392789483	0.223658055067	0.171597629785	NaN
20120307	0.194388777018	0.243296921253	0.164694279432	NaN
20120308	0.202404811978	0.229394242168	0.164694279432	NaN
20120309	0.202404811978	0.232373386622	0.162721887231	NaN
20120310	0.208416834474	0.228401198983	0.168472900987	NaN
20120311	0.199398800731	0.234126985073	0.161735698581	NaN
20120312	0.207414835691	0.233134925365	0.173570021987	NaN
20120313	0.206412822008	0.241071432829	0.163708090782	NaN
20120314	0.208625882864	0.233134925365	0.175542399287	NaN
20120315	0.207622870803	0.237103179097	0.18387414515	NaN
20120316	0.21564693749	0.245039686561	0.185039371252	NaN
20120317	0.217652961612	0.25	0.192913383246	NaN
20120318	0.225677028298	0.261904776096	0.194881886244	NaN
20120319	0.22512562573	0.26884919405	0.198818892241	NaN
20120320	0.23015075922	0.27408143878	0.202755898237	NaN
20120321	0.23015075922	0.285998016596	0.196059107781	NaN
20120322	0.233165830374	0.294935464859	0.209852218628	NaN
20120323	0.236180901527	0.307845085859	0.215976327658	NaN
20120324	0.247236177325	0.316782534123	0.218934908509	NaN
20120325	0.245226129889	0.325049698353	0.226824462414	NaN
20120326	0.253521114588	0.332007944584	0.233727812767	NaN
20120327	0.261569410562	0.339960247278	0.24063116312	NaN
20120328	0.256539225578	0.348906546831	0.237672582269	NaN
20120329	0.253521114588	0.342942357063	0.25739645958	NaN
20120330	0.272635817528	0.348906546831	0.248520717025	NaN
20120331	0.273641854525	0.354870766401	0.26232740283	NaN
20120401	0.271903336048	0.35387673974	0.26995074749	NaN
20120402	0.260825783014	0.351888656616	0.264763772488	NaN
20120403	0.270896285772	0.363817095757	0.269685029984	NaN
20120404	0.280966758728	0.357852876186	0.261553585529	NaN
20120405	0.267875134945	0.351888656616	0.280943036079	NaN
20120406	0.283987909555	0.354870766401	0.259332031012	NaN
20120407	0.268882185221	0.35253226757	0.288518160582	NaN
20120408	0.278952658176	0.361469715834	0.278431385756	NaN
20120409	0.266868084669	0.355511426926	0.283055841923	NaN
20120410	0.264853984117	0.354518383741	0.275220364332	NaN
20120411	0.251762330532	0.351539224386	0.279138088226	NaN
20120412	0.263581484556	0.347567021847	0.275220364332	NaN
20120413	0.262311547995	0.361469715834	0.273261517286	NaN
20120414	0.261306524277	0.337636530399	0.267123281956	NaN
20120415	0.262311547995	0.34791252017	0.265166342258	NaN
20120416	0.257286429405	0.348906546831	0.27299413085	NaN
20120417	0.246987953782	0.334657400846	0.273972600698	NaN
20120418	0.262048184872	0.327380955219	0.267123281956	NaN
20120419	0.238955825567	0.308531731367	0.276908010244	NaN
20120420	0.254016071558	0.334325402975	0.268101751804	NaN
20120421	0.250752270222	0.318452388048	0.283757328987	NaN
20120422	0.257773309946	0.311507940292	0.275929540396	NaN
20120423	0.244734197855	0.311507940292	0.288649708033	NaN
20120424	0.243486970663	0.310515880585	0.285714298487	NaN
20120425	0.250501006842	0.297619044781	0.286692768335	NaN
20120426	0.250250250101	0.305555552244	0.274951070547	NaN
20120427	0.229229226708	0.305858999491	0.283757328987	NaN
20120428	0.224224224687	0.310824245214	0.291585117578	NaN
20120429	0.233466938138	0.314796417952	0.286692768335	NaN
20120430	0.22244489193	0.294935464859	0.291585117578	NaN
20120501	0.23446893692	0.324726909399	0.291300088167	NaN
20120502	0.232464924455	0.314115315676	0.295499026775	NaN
20120503	0.237237229943	0.325049698353	0.287671238184	NaN
20120504	0.251251250505	0.321073561907	0.287671238184	NaN
20120505	0.241482973099	0.327037781477	0.277614861727	NaN
20120506	0.246492981911	0.325049698353	0.286412507296	NaN
20120507	0.248496994376	0.307157069445	0.271749764681	NaN
20120508	0.259519040585	0.311133205891	0.281524926424	NaN
20120509	0.256513029337	0.297216713428	0.287671238184	NaN
20120510	0.253507018089	0.303180903196	0.289345055819	NaN
20120511	0.259519040585	0.292246520519	0.297455966473	NaN
20120512	0.254509031773	0.307157069445	0.302348345518	NaN
20120513	0.259519040585	0.308838129044	0.307240694761	NaN
20120514	0.255511015654	0.309831172228	0.309197664261	NaN
20120515	0.25751504302	0.309831172228	0.302348345518	NaN
20120516	0.244488984346	0.300893753767	0.299706161022	NaN
20120517	0.250752270222	0.314796417952	0.320274233818	NaN
20120518	0.233701109886	0.298210740089	0.31243878603	NaN
20120519	0.240722164512	0.312127232552	0.321253687143	NaN
20120520	0.238716155291	0.319085478783	0.32450979948	NaN
20120521	0.239719152451	0.311442792416	0.323529422283	NaN
20120522	0.221664994955	0.302487552166	0.333333343267	NaN
20120523	0.238955825567	0.293532341719	0.344117641449	NaN
20120524	0.244979918003	0.313432842493	0.32615083456	NaN
20120525	0.244221106172	0.312437802553	0.331702530384	NaN
20120526	0.239195972681	0.308151096106	0.33692458272	NaN
20120527	0.251256287098	0.293532341719	0.333986282349	NaN
20120528	0.25025126338	0.302487552166	0.333986282349	NaN
20120529	0.241206035018	0.274900406599	0.343780606985	NaN
20120530	0.247236177325	0.311752974987	0.335945159197	NaN
20120531	0.242971882224	0.304780870676	0.324191957712	NaN
20120601	0.239719152451	0.304780870676	0.310479909182	NaN
20120602	0.241725176573	0.297808766365	0.327130258083	NaN
20120603	0.240722164512	0.292828679085	0.305283755064	NaN
20120604	0.236710131168	0.290836662054	0.310479909182	NaN
20120605	0.237713143229	0.288844615221	0.317025452852	0.28
20120606	0.252758264542	0.274900406599	0.311154603958	NaN
20120607	0.224674016237	0.279880464077	0.302348345518	NaN
20120608	0.227683052421	0.274900406599	0.302644461393	NaN
20120609	0.23393574357	0.264940232038	0.286973565817	NaN
20120610	0.130522087216	0.151394426823	0.145935356617	NaN
20120611	0.127510040998	0.150398403406	0.138099908829	NaN
20120612	0.135542169213	0.148406371474	0.134182170033	NaN
20120613	0.133534133434	0.149105370045	0.142857149243	NaN
20120614	0.140986904502	0.145129218698	0.135029360652	NaN
20120615	0.145015105605	0.164015904069	0.148582607508	NaN
20120616	0.148036256433	0.147117301822	0.158357769251	NaN
20120617	0.137965753675	0.163021862507	0.152492672205	NaN
20120618	0.143001005053	0.155069589615	0.156402736902	NaN
20120619	0.135951668024	0.167825222015	0.153470188379	NaN
20120620	0.142137095332	0.158887788653	0.155425220728	NaN
20120621	0.133064523339	0.165839120746	0.151515156031	NaN
20120622	0.137096777558	0.162859976292	0.1603128016	NaN
20120623	0.135080650449	0.162859976292	0.139784947038	NaN
20120624	0.135080650449	0.15392254293	0.1455078125	NaN
20120625	0.122983872891	0.164846077561	0.13671875	NaN
20120626	0.129909366369	0.154915586114	0.130987286568	NaN
20120627	0.130916416645	0.145978152752	0.133919849992	NaN
20120628	0.1369587183	0.144985109568	0.134897366166	NaN
20120629	0.144008055329	0.142005965114	0.132942333818	NaN
20120630	0.128024190664	0.132075473666	0.123287670314	NaN
20120701	0.121975809336	0.134061574936	0.133072406053	NaN
20120702	0.121975809336	0.13505461812	0.122309200466	NaN
20120703	0.109879031777	0.132075473666	0.120352253318	NaN
20120704	0.116935484111	0.120278328657	0.124266147613	NaN
20120705	0.0998990908265	0.129224658012	0.127201572061	NaN
20120706	0.103030301631	0.13134329021	0.129158511758	NaN
20120707	0.103030301631	0.129353240132	0.120352253318	NaN
20120708	0.108190089464	0.122388057411	0.119373776019	NaN
20120709	0.0989898964763	0.135323390365	0.116438359022	NaN
20120710	0.105953581631	0.124378107488	0.113502934575	NaN
20120711	0.103935420513	0.135323390365	0.11143694818	NaN
20120712	0.102822579443	0.115308150649	0.107526883483	NaN
20120713	0.109879031777	0.118290260434	0.108504399657	NaN
20120714	0.104838706553	0.116302184761	0.108504399657	NaN
20120715	0.09375	0.113320082426	0.103616811335	NaN
20120716	0.103830642998	0.0994035750627	0.104594327509	NaN
20120717	0.0936555862427	0.0984095409512	0.0967741906643	NaN
20120718	0.0916414931417	0.0964214727282	0.092864125967	NaN
20120719	0.101711980998	0.0965174138546	0.0860215052962	NaN
20120720	0.0936555862427	0.0955223888159	0.0918866097927	NaN
20120721	0.100704938173	0.0994035750627	0.0850439891219	NaN
20120722	0.0966767370701	0.0994035750627	0.0860215052962	NaN
20120723	0.0996978878975	0.0974155068398	0.0909980461001	NaN
20120724	0.0936555862427	0.100397616625	0.0841487273574	NaN
20120725	0.0866062417626	0.0944333970547	0.082111440599	NaN
20120726	0.0996978878975	0.104477614164	0.0791788846254	NaN
20120727	0.0956696867943	0.0996015965939	0.0742913037538	NaN
20120728	0.0876132920384	0.0956175327301	0.0850439891219	NaN
20120729	0.0926485434175	0.0925373136997	0.0869990214705	NaN
20120730	0.0906344428658	0.0956175327301	0.0801564007998	NaN
20120731	0.08257804811	0.103585660458	0.0850439891219	NaN
20120801	0.0866062417626	0.106573708355	0.0811339169741	NaN
20120802	0.0886203423142	0.104581676423	0.078125	NaN
20120803	0.0886203423142	0.116533868015	0.080078125	NaN
20120804	0.0745216533542	0.103585660458	0.0682926848531	0.261538462
20120805	0.0866062417626	0.111553788185	0.0643274858594	NaN
20120806	0.0815709978342	0.103585660458	0.0701754391193	NaN
20120807	0.08962739259	0.109561756253	0.0721247568727	NaN
20120808	0.0805639475584	0.102589644492	0.0721951201558	NaN
20120809	0.0443101711571	0.0557768940926	0.0419103316963	NaN
20120810	0.0382678769529	0.0557768940926	0.0438596494496	NaN
20120811	0.0392749235034	0.0577689260244	0.0467836260796	NaN
20120812	0.0362537764013	0.0618145577609	0.0526829250157	NaN
20120813	0.041289024055	0.0667996034026	0.0585365854204	NaN
20120814	0.0422960743308	0.0667996034026	0.0526829250157	NaN
20120815	0.0433031208813	0.0528942123055	0.0585365854204	NaN
20120816	0.0463242717087	0.0548902191222	0.0546341463924	NaN
20120817	0.0422960743308	0.0638722553849	0.0537109375	NaN
20120818	0.0453172214329	0.0568862259388	0.056640625	NaN
20120819	0.048338368535	0.0588822364807	0.0576171875	NaN
20120820	0.0453172214329	0.0568295121193	0.0625	NaN
20120821	0.0473313182592	0.0518444664776	0.0606653615832	NaN
20120822	0.0453629046679	0.0548354946077	0.0596868880093	NaN
20120823	0.0423387102783	0.0528414770961	0.0596868880093	NaN
20120824	0.0443101711571	0.0488534383476	0.0538160465658	NaN
20120825	0.0493454188108	0.046859420836	0.0626223087311	NaN
20120826	0.0402819737792	0.0518444664776	0.0538160465658	NaN
20120827	0.0372608266771	0.0518962070346	0.0547945201397	NaN
20120828	0.0413723513484	0.048902194947	0.050880625844	NaN
20120829	0.0434343442321	0.0479041934013	0.0557184740901	NaN
20120830	0.0393939390779	0.0538922138512	0.044965788722	NaN
20120831	0.0424242429435	0.0449101813137	0.044965788722	NaN
20120901	0.0393939390779	0.0439121760428	0.0400782003999	NaN
20120902	0.0403632707894	0.0518962070346	0.0439882688224	NaN
20120903	0.0343087799847	0.0508982017636	0.0430107526481	NaN
20120904	0.0332661308348	0.0438683964312	0.0391006842256	NaN
20120905	0.0343434326351	0.0458624139428	0.0430107526481	NaN
20120906	0.0373737365007	0.0388833507895	0.0293255131692	NaN
20120907	0.0363636352122	0.0507968142629	0.0332355834544	NaN
20120908	0.0363269411027	0.0428286865354	0.0332355834544	NaN
20120909	0.0343087799847	0.0398803576827	0.0361681319773	NaN
20120910	0.0332996957004	0.0398803576827	0.0322580635548	NaN
20120911	0.0443995967507	0.0378486067057	0.035190615803	NaN
20120912	0.0433905161917	0.0388446226716	0.0332681015134	NaN
20120913	0.0362903214991	0.0388446226716	0.0273972600699	NaN
20120914	0.0332661308348	0.0408366546035	0.0283757336438	NaN
20120915	0.0302419345826	0.0378486067057	0.025440312922	NaN
20120916	0.0322580635548	0.0418743751943	0.0303623899818	NaN
20120917	0.0322580635548	0.0448654033244	0.0264446623623	NaN
20120918	0.0322906151414	0.0438683964312	0.0303623899818	NaN
20120919	0.0302419345826	0.0418743751943	0.0312805473804	NaN
20120920	0.0302114803344	0.0438683964312	0.0322580635548	NaN
20120921	0.0372983887792	0.0478564314544	0.0303326807916	NaN
20120922	0.0383064523339	0.0428713858128	0.0371819958091	NaN
20120923	0.0342741943896	0.0348605588079	0.0313111543655	NaN
20120924	0.036217302084	0.0438247025013	0.0332681015134	NaN
20120925	0.0372233390808	0.047808766365	0.0332681015134	NaN
20120926	0.0402414500713	0.048804782331	0.0322896279395	NaN
20120927	0.0351758785546	0.0478564314544	0.0303030312061	NaN
20120928	0.0412060283124	0.0578265190124	0.0391006842256	NaN
20120929	0.0331658273935	0.0527888461947	0.0361328125	NaN
20120930	0.0381909534335	0.0557768940926	0.0370731689036	NaN
20121001	0.0321608036757	0.0517928302288	0.0390243902803	NaN
20121002	0.0361809059977	0.0458167344332	0.0390625	NaN
20121003	0.0311557780951	0.0517928302288	0.033203125	0.235294118
20121004	0.0372233390808	0.0507968142629	0.037109375	NaN
20121005	0.0372233390808	0.0468127503991	0.03125	NaN
20121006	0.0392354130745	0.0418326705694	0.0361328125	NaN
20121007	0.0321931578219	0.047808766365	0.02734375	NaN
20121008	0.0191146880388	0.0268656723201	0.0224609375	NaN
20121009	0.018108651042	0.023880597204	0.0263671875	NaN
20121010	0.0231155771762	0.0228855721653	0.0205078125	NaN
20121011	0.0251256283373	0.0278330016881	0.0224609375	NaN
20121012	0.0211055278778	0.0218687877059	0.025390625	NaN
20121013	0.0261306539178	0.0258449297398	0.0244140625	NaN
20121014	0.0251256283373	0.0208747517318	0.0244140625	NaN
20121015	0.0271356776357	0.0228401198983	0.0185728259385	NaN
20121016	0.0241206027567	0.0248262155801	0.021484375	NaN
20121017	0.0221105534583	0.0248262155801	0.01953125	NaN
20121018	0.0201005022973	0.0258449297398	0.0195503421128	NaN
20121019	0.0251256283373	0.0288270376623	0.0244379285723	NaN
20121020	0.0251256283373	0.0308151096106	0.0185546875	NaN
20121021	0.0261306539178	0.0327706076205	0.0205278601497	NaN
20121022	0.0241448692977	0.0307845082134	0.0195503421128	NaN
20121023	0.0251509062946	0.0307845082134	0.0185728259385	NaN
20121024	0.0251509062946	0.0327706076205	0.0136852394789	NaN
20121025	0.0201207250357	0.0357497520745	0.0175953079015	NaN
20121026	0.0241448692977	0.0308151096106	0.0146627565846	NaN
20121027	0.0171026159078	0.0387673974037	0.0166340507567	NaN
20121028	0.0211480371654	0.0318091437221	0.0215264186263	NaN
20121029	0.0271903332323	0.0328031815589	0.0185909979045	NaN
20121030	0.0241691842675	0.0367793254554	0.0244618393481	NaN
20121031	0.0221550855786	0.0328031815589	0.0205278601497	NaN
20121101	0.0241448692977	0.0347912535071	0.0215053763241	NaN
20121102	0.0241448692977	0.0397614315152	0.0205479450524	NaN
20121103	0.0190954767168	0.0347912535071	0.0234833657742	NaN
20121104	0.0241206027567	0.0357852876186	0.0166340507567	NaN
20121105	0.0150753771886	0.0377733595669	0.0215264186263	NaN
20121106	0.0180904529989	0.0357852876186	0.0185909979045	NaN
20121107	0.0201005022973	0.0387673974037	0.0215264186263	NaN
20121108	0.0241206027567	0.0357852876186	0.0215053763241	NaN
20121109	0.0221105534583	0.042743537575	0.0185728259385	NaN
20121110	0.0170854274184	0.0377733595669	0.01953125	NaN
20121111	0.0210843365639	0.0397614315152	0.0165853649378	NaN
20121112	0.0220883525908	0.0407554656267	0.0165853649378	NaN
20121113	0.0220883525908	0.0377733595669	0.0234146341682	NaN
20121114	0.0230923686176	0.0397614315152	0.015625	NaN
20121115	0.0291164666414	0.0397614315152	0.0166015625	NaN
20121116	0.0201005022973	0.0367793254554	0.0126953125	NaN
20121117	0.0251256283373	0.0417495034635	0.017578125	NaN
20121118	0.0241206027567	0.0417495034635	0.013671875	NaN
20121119	0.0221105534583	0.0347912535071	0.0185546875	NaN
20121120	0.0220883525908	0.0407554656267	0.0165853649378	NaN
20121121	0.0190954767168	0.0378109440207	0.0117073170841	NaN
20121122	0.0251256283373	0.0398009940982	0.0156097561121	NaN
20121123	0.0271356776357	0.0427860692143	0.0126953125	NaN
20121124	0.0241206027567	0.0387673974037	0.0156097561121	NaN
20121125	0.0241206027567	0.0357852876186	0.0107317073271	NaN
20121126	0.0271356776357	0.0417495034635	0.0146341463551	NaN
20121127	0.0240963846445	0.042743537575	0.0136585365981	NaN
20121128	0.025100402534	0.0397614315152	0.0146341463551	NaN
20121129	0.0230923686176	0.0357852876186	0.0156097561121	NaN
20121130	0.025100402534	0.0487077534199	0.0136585365981	NaN
20121201	0.0220883525908	0.0447316095233	0.0165853649378	NaN
20121202	0.0261044185609	0.0497017875314	0.0136452242732	NaN
20121203	0.0230923686176	0.0456802397966	0.0165692009032	NaN
20121204	0.025100402534	0.0466732867062	0.0155945420265	NaN
20121205	0.0240963846445	0.0466732867062	0.0146198831499	NaN
20121206	0.0230692084879	0.0476663373411	0.0146198831499	NaN
20121207	0.0250752251595	0.0456802397966	0.0175438597798	NaN
20121208	0.0240722168237	0.0387288965285	0.0175438597798	NaN
20121209	0.0290872622281	0.0416666679084	0.0194931775332	NaN
20121210	0.0310932807624	0.0386904776096	0.0223953258246	NaN
20121211	0.0280842520297	0.0406746044755	0.0204479061067	NaN
20121212	0.0280842520297	0.0376984141767	0.0223953258246	NaN
20121213	0.0270812436938	0.0446871891618	0.0243427455425	NaN
20121214	0.0280842520297	0.0436941422522	0.0185004863888	NaN
20121215	0.025100402534	0.0447316095233	0.0204479061067	NaN
20121216	0.025100402534	0.0397614315152	0.0165530666709	NaN
20121217	0.025100402534	0.0407554656267	0.0223953258246	NaN
20121218	0.0281124506146	0.0417495034635	0.0184824895114	NaN
20121219	0.025100402534	0.0407149940729	0.0204479061067	NaN
20121220	0.0261044185609	0.0397219471633	0.0194741971791	NaN
20121221	0.0301204826683	0.0387288965285	0.0233690366149	NaN
20121222	0.0301507543773	0.0417080447078	0.0194552522153	NaN
20121223	0.0311557780951	0.0417080447078	0.0184824895114	NaN
20121224	0.0331658273935	0.0436941422522	0.0184824895114	NaN
20121225	0.0291457287967	0.0397219471633	0.0175267774612	NaN
20121226	0.0281407032162	0.0427010916174	0.0126582281664	NaN
20121227	0.0251509062946	0.0337636545301	0.015564202331	NaN
20121228	0.0231388323009	0.0417080447078	0.0126705653965	NaN
20121229	0.0221327971667	0.0357497520745	0.0136452242732	NaN
20121230	0.0221327971667	0.0407554656267	0.0126705653965	NaN
20121231	0.0201207250357	0.0357497520745	0.0146198831499	NaN
20130101	0.0211267601699	0.0417080447078	0.0136452242732	NaN
20130102	0.0221327971667	0.0347567014396	0.0146198831499	NaN
20130103	0.0201207250357	0.0367427989841	0.0136319380254	NaN
20130104	0.0201409868896	0.0357852876186	0.0136186769232	NaN
20130105	0.0221774186939	0.042743537575	0.0126336244866	NaN
20130106	0.0231854841113	0.0347912535071	0.0126336244866	NaN
20130107	0.0241935476661	0.0337972156704	0.0116618080065	NaN
20130108	0.0241935476661	0.0377733595669	0.0116504849866	NaN
20130109	0.0252016130835	0.0347912535071	0.0145631069317	NaN
20130110	0.0211907159537	0.0387673974037	0.0155490767211	NaN
20130111	0.0181634705514	0.0357497520745	0.010689990595	NaN
20130112	0.0171543899924	0.0318091437221	0.0155490767211	NaN
20130113	0.019172552973	0.0318091437221	0.0145772593096	NaN
20130114	0.0202224478126	0.0357852876186	0.0155490767211	NaN
20130115	0.0182002019137	0.0318407975137	0.0126336244866	NaN
20130116	0.0202224478126	0.0407960191369	0.0136054418981	NaN
20130117	0.0202224478126	0.0447761192918	0.0126336244866	NaN
20130118	0.0182002019137	0.0427860692143	0.0116618080065	NaN
20130119	0.0161779578775	0.0407960191369	0.0145914396271	NaN
20130120	0.0131578948349	0.0398009940982	0.0165369641036	NaN
20130121	0.0131578948349	0.0378109440207	0.015564202331	NaN
20130122	0.0121457492933	0.0407960191369	0.0165369641036	NaN
20130123	0.0141700403765	0.036815918982	0.0165208932012	NaN
20130124	0.0131578948349	0.0378109440207	0.0204081628472	NaN
20130125	0.0182186234742	0.0348258689046	0.0155490767211	NaN
20130126	0.0192307699472	0.0328358225524	0.0165208932012	NaN
20130127	0.0172064770013	0.0358208939433	0.01359223295	NaN
20130128	0.0212550610304	0.0417910441756	0.0145631069317	NaN
20130129	0.0212550610304	0.0308457706124	0.01359223295	NaN
20130130	0.0202429145575	0.0288557205349	0.0155339809135	NaN
20130131	0.0192307699472	0.0248756222427	0.0165048539638	NaN
20130201	0.0212550610304	0.0268656723201	0.0145631069317	NaN
20130202	0.0242914985865	0.0308764949441	0.019417475909	NaN
20130203	0.0273279361427	0.0298804789782	0.019417475909	NaN
20130204	0.032355915755	0.032868526876	0.0184466019273	NaN
20130205	0.02831142582	0.0358565747738	0.0203883498907	NaN
20130206	0.033400811255	0.0368525907397	0.0174587778747	NaN
20130207	0.0303643718362	0.0388833507895	0.0213385056704	NaN
20130208	0.0354251004756	0.0428713858128	0.018428709358	NaN
20130209	0.0374115258455	0.0428286865354	0.0223084390163	NaN
20130210	0.0424671396613	0.048804782331	0.0164888463914	NaN
20130211	0.0455005057156	0.0517928302288	0.018428709358	NaN
20130212	0.0475227497518	0.0517928302288	0.0193986427039	NaN
20130213	0.0516194328666	0.0517412945628	0.0223084390163	NaN
20130214	0.0546558722854	0.0537313446402	0.0193986427039	NaN
20130215	0.0546558722854	0.0487562194467	0.018428709358	NaN
20130216	0.0576923079789	0.0417910441756	0.0213385056704	NaN
20130217	0.0536437258124	0.0437810942531	0.0213385056704	NaN
20130218	0.0506072863936	0.0427860692143	0.0242483019829	NaN
20130219	0.0546006076038	0.0467661693692	0.0223084390163	NaN
20130220	0.0525783635676	0.0487562194467	0.0193986427039	NaN
20130221	0.0494949482381	0.0457711443305	0.0203685741872	NaN
20130222	0.0464646480977	0.0378109440207	0.019379844889	NaN
20130223	0.0454545468092	0.0507462695241	0.0203291382641	NaN
20130224	0.0484848469496	0.0467661693692	0.0203291382641	NaN
20130225	0.0464646480977	0.0506958253682	0.0193610843271	NaN
20130226	0.0424242429435	0.0487077534199	0.021297192201	NaN
20130227	0.0515151508153	0.053677931428	0.019379844889	NaN
20130228	0.0454545468092	0.053677931428	0.0184108521789	NaN
20130301	0.0505050495267	0.0597014911473	0.0222868211567	NaN
20130302	0.0515151508153	0.054726369679	0.0203488375992	NaN
20130303	0.0484848469496	0.0527888461947	0.0213178303093	NaN
20130304	0.0515151508153	0.0537848621607	0.0203488375992	NaN
20130305	0.0433905161917	0.0518444664776	0.0203291382641	NaN
20130306	0.0494450032711	0.0428713858128	0.0193423591554	NaN
20130307	0.0463709682226	0.0528414770961	0.0193423591554	NaN
20130308	0.0553877130151	0.047808766365	0.0193423591554	NaN
20130309	0.0544354841113	0.0477611944079	0.0193423591554	NaN
20130310	0.0453629046679	0.0467661693692	0.0203291382641	NaN
20130311	0.0443548373878	0.0447761192918	0.0183930303901	NaN
20130312	0.0453629046679	0.0428286865354	0.0193610843271	NaN
20130313	0.0453629046679	0.0428286865354	0.0203094780445	NaN
20130314	0.0393145158887	0.0398406386375	0.0241779498756	NaN
20130315	0.0423387102783	0.0418743751943	0.0232108309865	NaN
20130316	0.0362903214991	0.0438683964312	0.0241779498756	NaN
20130317	0.0362903214991	0.0448654033244	0.0261121857911	NaN
20130318	0.0342741943896	0.0508474558592	0.025145066902	NaN
20130319	0.0332326292992	0.0528414770961	0.025145066902	NaN
20130320	0.0352112688124	0.049850448966	0.0261121857911	NaN
20130321	0.036217302084	0.0558882243931	0.0309477765113	NaN
20130322	0.0321931578219	0.0598802380264	0.0309477765113	NaN
20130323	0.0372608266771	0.062874250114	0.0386847183108	NaN
20130324	0.0453172214329	0.0649350658059	0.0357833653688	NaN
20130325	0.0392749235034	0.0709290727973	0.0386473424733	NaN
20130326	0.0463242717087	0.0759240761399	0.0405797101557	NaN
20130327	0.048338368535	0.0779220759869	0.0395752899349	NaN
20130328	0.0463242717087	0.0778443142772	0.0376447886229	NaN
20130329	0.0513595156372	0.0818363279104	0.0347155258059	NaN
20130330	0.048338368535	0.0748502984643	0.0395371280611	NaN
20130331	0.0543806664646	0.0837487503886	0.0414657667279	NaN
20130401	0.0563947632909	0.0807577297092	0.0366795361042	NaN
20130402	0.0574018135667	0.0877367928624	0.0357142873108	NaN
20130403	0.0664652585983	0.0937188416719	0.0405405387282	NaN
20130404	0.0624370612204	0.0957128629088	0.0376447886229	NaN
20130405	0.0735146030784	0.096709869802	0.0366795361042	NaN
20130406	0.0725075528026	0.0957128629088	0.0405405387282	NaN
20130407	0.0845070406795	0.097609564662	0.0328185334802	NaN
20130408	0.078470826149	0.0956175327301	0.0414657667279	NaN
20130409	0.0894472375512	0.106679961085	0.0443587265909	NaN
20130410	0.0894472375512	0.101694911718	0.049180328846	NaN
20130411	0.0834170877933	0.110667996109	0.045323047787	NaN
20130412	0.0895372256637	0.109670989215	0.0492278002203	NaN
20130413	0.0855130776763	0.110557772219	0.0521739125252	NaN
20130414	0.0895372256637	0.115653038025	0.051207728684	NaN
20130415	0.100603625178	0.118644066155	0.0579710155726	NaN
20130416	0.0995975881815	0.117529883981	0.0541062802076	NaN
20130417	0.0905432626605	0.120517931879	0.0637681186199	NaN
20130418	0.0946626365185	0.12250996381	0.0628019347787	NaN
20130419	0.102719031274	0.121513947844	0.0666666701436	NaN
20130420	0.0996978878975	0.119521915913	0.0628019347787	NaN
20130421	0.106639839709	0.123505979776	0.0676982626319	NaN
20130422	0.096579477191	0.121513947844	0.0589941963553	NaN
20130423	0.0985915511847	0.129482075572	0.0667311400175	NaN
20130424	0.0916414931417	0.128614157438	0.0618955530226	NaN
20130425	0.101609654725	0.120638087392	0.0657640248537	NaN
20130426	0.0945674031973	0.132470116019	0.0667311400175	NaN
20130427	0.0985915511847	0.125498011708	0.0696324929595	NaN
20130428	0.0885311886668	0.129482075572	0.0705313980579	NaN
20130429	0.0925553292036	0.125498011708	0.0743961334228	NaN
20130430	0.0905432626605	0.126494020224	0.0657004863024	NaN
20130501	0.096579477191	0.129611164331	0.0657004863024	NaN
20130502	0.0894472375512	0.116650052369	0.0676328465343	NaN
20130503	0.0854271352291	0.10557769239	0.0695652142167	NaN
20130504	0.091457284987	0.118525899947	0.0550724640489	NaN
20130505	0.0884422138333	0.118407957256	0.0618357472122	NaN
20130506	0.0804020091891	0.11542288214	0.0608695633709	NaN
20130507	0.0854271352291	0.118407957256	0.0647343024612	NaN
20130508	0.0793969854713	0.122388057411	0.0676328465343	NaN
20130509	0.0884422138333	0.11542288214	0.0695652142167	NaN
20130510	0.0854271352291	0.118407957256	0.0628626719117	NaN
20130511	0.0884422138333	0.117412932217	0.0676982626319	NaN
20130512	0.0844221115112	0.125248506665	0.0657640248537	NaN
20130513	0.0843373462558	0.117296226323	0.0657640248537	NaN
20130514	0.0773092359304	0.121272362769	0.0580270774663	NaN
20130515	0.0813253000379	0.124254472554	0.0609284341335	NaN
20130516	0.0802407190204	0.117412932217	0.0599613152444	NaN
20130517	0.0762286856771	0.119284294546	0.0580270774663	NaN
20130518	0.0762286856771	0.123260438442	0.0589941963553	NaN
20130519	0.0752256736159	0.120278328657	0.0657640248537	NaN
20130520	0.075301207602	0.124254472554	0.0618357472122	NaN
20130521	0.0773092359304	0.132206752896	0.0695652142167	NaN
20130522	0.0682730898261	0.139165014029	0.0666666701436	NaN
20130523	0.0762286856771	0.135188862681	0.0666666701436	NaN
20130524	0.0702106282115	0.135188862681	0.0666666701436	NaN
20130525	0.0782347023487	0.136182904243	0.0763285011053	NaN
20130526	0.0702106282115	0.137176945805	0.0734299495816	NaN
20130527	0.0712136402726	0.141012907028	0.0714975818992	NaN
20130528	0.069207623601	0.147964254022	0.0695652142167	NaN
20130529	0.0702106282115	0.146971195936	0.0705313980579	NaN
20130530	0.069207623601	0.131082430482	0.0743961334228	NaN
20130531	0.0722166523337	0.141012907028	0.0752895772457	NaN
20130601	0.0662650614977	0.132206752896	0.0733590722084	NaN
20130602	0.0722166523337	0.140159040689	0.0714285746217	NaN
20130603	0.0661985948682	0.131212726235	0.0714975818992	NaN
20130604	0.075301207602	0.138170972467	0.0676328465343	NaN
20130605	0.0763052180409	0.139165014029	0.0695652142167	NaN
20130606	0.0773092359304	0.137176945805	0.0666666701436	NaN
20130607	0.081407032907	0.137176945805	0.0715667307377	NaN
20130608	0.0813253000379	0.139165014029	0.078336559236	NaN
20130609	0.0783132538199	0.124254472554	0.0831721499562	NaN
20130610	0.0421686731279	0.0636182874441	0.0502901338041	NaN
20130611	0.0421686731279	0.071499504149	0.0521739125252	NaN
20130612	0.0451807230711	0.0755467191338	0.0570048317313	NaN
20130613	0.0451807230711	0.0805168971419	0.0589371994138	NaN
20130614	0.0441767051816	0.0785288289189	0.0608108118177	NaN
20130615	0.0582329332829	0.0835820883513	0.063645131886	NaN
20130616	0.0572289153933	0.0885572135448	0.063645131886	NaN
20130617	0.0612449795008	0.08457711339	0.0694310516119	NaN
20130618	0.0602409653366	0.0904572531581	0.0674373805523	NaN
20130619	0.0682730898261	0.0974155068398	0.0693641602993	NaN
20130620	0.0592964813113	0.0924453288317	0.0703275501728	NaN
20130621	0.0633165836334	0.0944333970547	0.0722543373704	NaN
20130622	0.0612449795008	0.0893743783235	0.0674373805523	NaN
20130623	0.0662650614977	0.0903674289584	0.0655106008053	NaN
20130624	0.0642570257187	0.0824230387807	0.0655106008053	NaN
20130625	0.0622489973903	0.0834160894155	0.0626204237342	NaN
20130626	0.0602409653366	0.0804369449616	0.0577478334308	NaN
20130627	0.0642570257187	0.0834160894155	0.0519730523229	NaN
20130628	0.0542168691754	0.0824230387807	0.0557692311704	NaN
20130629	0.0602409653366	0.0883813276887	0.0567307695746	NaN
20130630	0.0512048192322	0.0755467191338	0.0587668605149	NaN
20130701	0.0552208833396	0.0785288289189	0.0606936402619	NaN
20130702	0.0561685040593	0.0765407532453	0.0549132935703	NaN
20130703	0.0542168691754	0.0775347948074	0.0529865138233	NaN
20130704	0.0532128512859	0.0725646093488	0.0549132935703	NaN
20130705	0.0512562803924	0.0765407532453	0.051059730351	NaN
20130706	0.0572864338756	0.0646123290062	0.0491329468787	NaN
20130707	0.0502512566745	0.0785288289189	0.0443159937859	NaN
20130708	0.0512562803924	0.0756218880415	0.0520231202245	NaN
20130709	0.0532663315535	0.0815920382738	0.0481695570052	NaN
20130710	0.0512562803924	0.0666666701436	0.0472516864538	NaN
20130711	0.0532128512859	0.0737051814795	0.0472061671317	NaN
20130712	0.0451807230711	0.0756972134113	0.0404624268413	NaN
20130713	0.048192769289	0.0717131495476	0.0481695570052	NaN
20130714	0.0371485948563	0.0687251016498	0.0433526001871	NaN
20130715	0.0421686731279	0.0697211176157	0.0394990369677	NaN
20130716	0.0341365449131	0.065737053752	0.04142582044	NaN
20130717	0.0471887551248	0.0687251016498	0.04142582044	NaN
20130718	0.0341365449131	0.0717131495476	0.0394610203803	NaN
20130719	0.0381909534335	0.064741037786	0.0394610203803	NaN
20130720	0.0301507543773	0.0686567127705	0.0366441644728	NaN
20130721	0.0331658273935	0.0676616951823	0.038572806865	NaN
20130722	0.0291457287967	0.0626865699887	0.038572806865	NaN
20130723	0.0351758785546	0.0626865699887	0.0308582447469	NaN
20130724	0.0301507543773	0.0676616951823	0.0395371280611	NaN
20130725	0.0351758785546	0.0676616951823	0.0376084856689	NaN
20130726	0.0291457287967	0.0636815950274	0.035679847002	NaN
20130727	0.0311557780951	0.0597014911473	0.0395371280611	NaN
20130728	0.0351758785546	0.0696517378092	0.0366441644728	NaN
20130729	0.0341708548367	0.0656716451049	0.042430087924	NaN
20130730	0.0301507543773	0.0715705752373	0.0376447886229	NaN
20130731	0.0341708548367	0.0666003972292	0.0347490347922	NaN
20130801	0.0310932807624	0.0755467191338	0.0337837822735	NaN
20130802	0.0351053141057	0.0695825070143	0.0347490347922	NaN
20130803	0.0350701399147	0.0656063631177	0.0289575289935	NaN
20130804	0.0380761511624	0.0606361813843	0.0270270276815	NaN
20130805	0.0330661311746	0.0616302192211	0.0289575289935	NaN
20130806	0.0300601199269	0.0636182874441	0.0289296042174	NaN
20130807	0.0370741486549	0.0576540753245	0.0260617751628	NaN
20130808	0.0350701399147	0.0556660033763	0.031822565943	NaN
20130809	0.0190380755812	0.0347912535071	0.0144648021087	NaN
20130810	0.0250250250101	0.0337972156704	0.0202507227659	NaN
20130811	0.02102102153	0.0377358496189	0.017357762903	NaN
20130812	0.0240000002086	0.0367427989841	0.0202507227659	NaN
20130813	0.0230000000447	0.0387288965285	0.0183220822364	NaN
20130814	0.0230000000447	0.0417080447078	0.024108003825	NaN
20130815	0.0219999998808	0.0457256473601	0.024108003825	NaN
20130816	0.0219780225307	0.0486111119389	0.0231436844915	NaN
20130817	0.0309690311551	0.0516385287046	0.0221793632954	NaN
20130818	0.0229770224541	0.0516898594797	0.017357762903	NaN
20130819	0.0279720276594	0.0606361813843	0.0202507227659	NaN
20130820	0.0239760242403	0.0636815950274	0.0241312738508	NaN
20130821	0.0239760242403	0.054726369679	0.0193050187081	NaN
20130822	0.0209790207446	0.0616915412247	0.0212355218828	NaN
20130823	0.0269730277359	0.0666666701436	0.0164092667401	NaN
20130824	0.0219780225307	0.0666666701436	0.0193050187081	NaN
20130825	0.0249750241637	0.0616915412247	0.0193050187081	NaN
20130826	0.0249750241637	0.0597014911473	0.0193050187081	NaN
20130827	0.0179820172489	0.0616915412247	0.0212355218828	NaN
20130828	0.0179820172489	0.0627490058541	0.0212355218828	NaN
20130829	0.0209790207446	0.0578265190124	0.0241312738508	NaN
20130830	0.0179820172489	0.0548354946077	0.0212355218828	NaN
20130831	0.0179820172489	0.0578265190124	0.0202507227659	NaN
20130901	0.0169660672545	0.0537848621607	0.017357762903	NaN
20130902	0.0169830173254	0.0537848621607	0.0164092667401	NaN
20130903	0.020020019263	0.0537848621607	0.0173745173961	NaN
20130904	0.0179999992251	0.0537848621607	0.0144787644967	NaN
20130905	0.0179999992251	0.0507968142629	0.0183397680521	NaN
20130906	0.0170000009239	0.0597609579563	0.013500481844	NaN
20130907	0.01600000076	0.0587649419904	0.0163934417069	NaN
20130908	0.0179999992251	0.0557768940926	0.010607521981	NaN
20130909	0.019999999553	0.0597609579563	0.0154291223735	NaN
20130910	0.0149999996647	0.0597609579563	0.00964320171624	NaN
20130911	0.0219999998808	0.0617529898882	0.013500481844	NaN
20130912	0.0209999997169	0.0587649419904	0.0125361615792	NaN
20130913	0.02102102153	0.0547808781266	0.0154291223735	NaN
20130914	0.0190190188587	0.0498007982969	0.0154291223735	NaN
20130915	0.0120000001043	0.0498007982969	0.0144648021087	NaN
20130916	0.0130000002682	0.0507462695241	0.0144648021087	NaN
20130917	0.0189999993891	0.054726369679	0.0144648021087	NaN
20130918	0.0140000004321	0.0467661693692	0.0163934417069	NaN
20130919	0.0169830173254	0.047808766365	0.0192864034325	NaN
20130920	0.0199600793421	0.0468127503991	0.0183220822364	NaN
20130921	0.0169660672545	0.0488534383476	0.017357762903	NaN
20130922	0.0169660672545	0.0458624139428	0.013500481844	NaN
20130923	0.0189620759338	0.0548354946077	0.0164092667401	NaN
20130924	0.0149700595066	0.049850448966	0.015458936803	NaN
20130925	0.0209580846131	0.0458624139428	0.0183574873954	NaN
20130926	0.0189620759338	0.0558325015008	0.015458936803	NaN
20130927	0.0199600793421	0.0508474558592	0.0164251215756	NaN
20130928	0.0189620759338	0.0588235296309	0.0173913035542	NaN
20130929	0.0239520967007	0.0558325015008	0.0173913035542	NaN
20130930	0.0229540914297	0.0667996034026	0.0164251215756	NaN
20131001	0.024950100109	0.0618145577609	0.0193236712366	NaN
20131002	0.0269461069256	0.0658025890589	0.0173913035542	NaN
20131003	0.0259222332388	0.0598802380264	0.0164251215756	0.058823529
20131004	0.0279162507504	0.0648702606559	0.015458936803	NaN
20131005	0.0239282157272	0.0618762485683	0.0173913035542	NaN
20131006	0.0279162507504	0.0658682659268	0.015458936803	NaN
20131007	0.029910268262	0.071856290102	0.0164251215756	NaN
20131008	0.0109670991078	0.0479041934013	0.00579710165039	NaN
20131009	0.0109670991078	0.0588822364807	0.00386847206391	NaN
20131010	0.0129611166194	0.0648702606559	0.00580270774663	NaN
20131011	0.0129870129749	0.0618762485683	0.0106382975355	NaN
20131012	0.0139720560983	0.0678642690182	0.00677637942135	NaN
20131013	0.0169660672545	0.0658682659268	0.0106485961005	NaN
20131014	0.0159680638462	0.0859140828252	0.00677637942135	NaN
20131015	0.0169491525739	0.0819180831313	0.0125847049057	NaN
20131016	0.0179461613298	0.084915086627	0.0058083254844	NaN
20131017	0.0189243033528	0.095904096961	0.00774443382397	NaN
20131018	0.0179282873869	0.101898103952	0.00580270774663	NaN
20131019	0.0229083672166	0.104895107448	0.0116054154933	NaN
20131020	0.0209163352847	0.105894103646	0.0067698257044	NaN
20131021	0.0208955220878	0.11088911444	0.00967117957771	NaN
20131022	0.0199004970491	0.118881121278	0.00773694412783	NaN
20131023	0.023880597204	0.112887114286	0.00870406161994	NaN
20131024	0.0228855721653	0.118881121278	0.0106485961005	NaN
20131025	0.0258706472814	0.119880117476	0.00968054216355	NaN
20131026	0.03187251091	0.125748500228	0.00677637942135	NaN
20131027	0.0278884470463	0.129740521312	0.00871248822659	NaN
20131028	0.0268924310803	0.133732527494	0.00871248822659	NaN
20131029	0.0278884470463	0.132734537125	0.0116166509688	NaN
20131030	0.0268924310803	0.137587234378	0.012572533451	NaN
20131031	0.0308764949441	0.144566297531	0.0144927538931	NaN
20131101	0.0258964151144	0.148702591658	0.0135135138407	NaN
20131102	0.0268924310803	0.143712580204	0.0125482622534	NaN
20131103	0.0268924310803	0.157684624195	0.0144787644967	NaN
20131104	0.0278606973588	0.164670661092	0.0135265700519	NaN
20131105	0.0278330016881	0.173652693629	0.0154738882557	NaN
20131106	0.0258449297398	0.186626747251	0.0106382975355	NaN
20131107	0.0328031815589	0.183449655771	0.0135396514088	NaN
20131108	0.0318091437221	0.192422732711	0.0106382975355	NaN
20131109	0.0328031815589	0.187437683344	0.0125603862107	NaN
20131110	0.026838965714	0.190428718925	0.0115942033008	NaN
20131111	0.032868526876	0.179461613297	0.0125603862107	NaN
20131112	0.03187251091	0.183449655771	0.0125603862107	NaN
20131113	0.0358565747738	0.184630736709	0.0106280194595	NaN
20131114	0.0358565747738	0.186626747251	0.0135265700519	NaN
20131115	0.0358565747738	0.169660672545	0.0106382975355	NaN
20131116	0.0358565747738	0.177467599511	0.0116054154933	NaN
20131117	0.0378486067057	0.166334658861	0.00966183561832	NaN
20131118	0.0398406386375	0.170318722725	0.0115942033008	NaN
20131119	0.0438247025013	0.16932271421	0.0067698257044	NaN
20131120	0.0388446226716	0.171314746141	0.012572533451	NaN
20131121	0.0388446226716	0.168326690793	0.0106382975355	NaN
20131122	0.0418326705694	0.168326690793	0.0116054154933	NaN
20131123	0.0428286865354	0.174302786589	0.00967117957771	NaN
20131124	0.0388059690595	0.177290841937	0.0135396514088	NaN
20131125	0.036815918982	0.172310754657	0.012572533451	NaN
20131126	0.03187251091	0.17629481852	0.012572533451	NaN
20131127	0.03187251091	0.17629481852	0.00968054216355	NaN
20131128	0.0348605588079	0.183266937733	0.0116166509688	NaN
20131129	0.03187251091	0.184262946248	0.00968054216355	NaN
20131130	0.0268924310803	0.180278882384	0.00871248822659	NaN
20131201	0.0268924310803	0.184262946248	0.00775193795562	NaN
20131202	0.0298804789782	0.187251001596	0.00968054216355	NaN
20131203	0.0239043831825	0.198207169771	0.0125847049057	NaN
20131204	0.0338645428419	0.196215137839	0.0135527588427	NaN
20131205	0.0298804789782	0.199203193188	0.0116166509688	NaN
20131206	0.0338645428419	0.206965178251	0.015488867648	NaN
20131207	0.03187251091	0.198207169771	0.0125847049057	NaN
20131208	0.0348258689046	0.206175297499	0.0203291382641	NaN
20131209	0.0358208939433	0.211155384779	0.015488867648	NaN
20131210	0.0358208939433	0.205179288983	0.0164569225162	NaN
20131211	0.0288844630122	0.206175297499	0.0135527588427	NaN
20131212	0.0298804789782	0.202191233635	0.0193610843271	NaN
20131213	0.0308764949441	0.212151393294	0.0145208127797	NaN
20131214	0.0308764949441	0.214143425226	0.0203094780445	NaN
20131215	0.0308457706124	0.212151393294	0.0145067693666	NaN
20131216	0.0298507455736	0.208167329431	0.0174081232399	NaN
20131217	0.0298507455736	0.228087648749	0.0145067693666	NaN
20131218	0.03187251091	0.215139448643	0.0135396514088	NaN
20131219	0.0268924310803	0.204183265567	0.0145067693666	NaN
20131220	0.032868526876	0.216915428638	0.0154738882557	NaN
20131221	0.0378109440207	0.205970153213	0.0116054154933	NaN
20131222	0.0328031815589	0.20796020329	0.0154738882557	NaN
20131223	0.026838965714	0.197014927864	0.0106382975355	NaN
20131224	0.0288270376623	0.212935328484	0.012572533451	NaN
20131225	0.0278330016881	0.199004977941	0.0116054154933	NaN
20131226	0.0288557205349	0.20000000298	0.0164410062134	NaN
20131227	0.0258706472814	0.193836972117	0.0145067693666	NaN
20131228	0.0288557205349	0.207753479481	0.0164410062134	NaN
20131229	0.0258706472814	0.201789259911	0.0164410062134	NaN
20131230	0.0228855721653	0.20079523325	0.0154738882557	NaN
20131231	0.02286282368	0.208540216088	0.0154738882557	NaN
20140101	0.0218687877059	0.196819081902	0.0174081232399	NaN
20140102	0.0288270376623	0.19483101368	0.0174081232399	NaN
20140103	0.0258706472814	0.203777343035	0.018375242129	NaN
20140104	0.0248508937657	0.198807150125	0.0193423591554	NaN
20140105	0.0258706472814	0.198807150125	0.0174081232399	NaN
20140106	0.0199004970491	0.19203980267	0.0164410062134	NaN
20140107	0.023880597204	0.198009952903	0.018375242129	NaN
20140108	0.0218905471265	0.197014927864	0.0164410062134	NaN
20140109	0.0218905471265	0.194029852748	0.015488867648	NaN
20140110	0.0189054720104	0.181908547878	0.0135658914223	NaN
20140111	0.0239043831825	0.193836972117	0.0164728686214	NaN
20140112	0.0219123512507	0.183896616101	0.0125968996435	NaN
20140113	0.0248756222427	0.1688182652	0.0135658914223	NaN
20140114	0.0228855721653	0.185700103641	0.0135658914223	NaN
20140115	0.0268656723201	0.176762655377	0.0116279069334	NaN
20140116	0.0228855721653	0.171797424555	0.0116166509688	NaN
20140117	0.023880597204	0.177932411432	0.0106485961005	NaN
20140118	0.0268656723201	0.184890657663	0.0116166509688	NaN
20140119	0.0218905471265	0.18290258944	0.0135527588427	NaN
20140120	0.0248756222427	0.177932411432	0.0116279069334	NaN
20140121	0.02286282368	0.173956260085	0.0116279069334	NaN
20140122	0.0238568596542	0.18290258944	0.0106589151546	NaN
20140123	0.0288270376623	0.173134326935	0.0125968996435	NaN
20140124	0.0278330016881	0.181094527245	0.0106589151546	NaN
20140125	0.0238568596542	0.186069652438	0.00969932135194	NaN
20140126	0.0248756222427	0.189054727554	0.0136054418981	NaN
20140127	0.0268656723201	0.190049752593	0.0145772593096	NaN
20140128	0.0239043831825	0.201990053058	0.0145772593096	NaN
20140129	0.0288844630122	0.20000000298	0.0145772593096	NaN
20140130	0.0229083672166	0.202191233635	0.0145772593096	NaN
20140131	0.0258964151144	0.229083672166	0.0145772593096	NaN
20140201	0.0259222332388	0.238047808409	0.0145772593096	NaN
20140202	0.024925224483	0.23728813231	0.017492711544	NaN
20140203	0.0229312069714	0.244267195463	0.015564202331	NaN
20140204	0.0279162507504	0.254237294197	0.0175097268075	NaN
20140205	0.0279162507504	0.250249266624	0.0223735403269	NaN
20140206	0.024925224483	0.245264202356	0.0223735403269	NaN
20140207	0.0289132595062	0.271186441183	0.0184824895114	NaN
20140208	0.024925224483	0.261216342449	0.0184824895114	NaN
20140209	0.0279162507504	0.28215354681	0.0214007776231	NaN
20140210	0.0309072788805	0.288135588169	0.0233463030308	NaN
20140211	0.0358923226595	0.291417151689	0.0243190657347	NaN
20140212	0.0378863401711	0.295409172773	0.0223735403269	NaN
20140213	0.0368893332779	0.308383226395	0.0223735403269	NaN
20140214	0.0358923226595	0.31437125802	0.0262645911425	NaN
20140215	0.0398803576827	0.313373267651	0.0233463030308	NaN
20140216	0.0409181639552	0.312375247478	0.0252918284386	NaN
20140217	0.0439121760428	0.326673328877	0.0282375849783	NaN
20140218	0.0389221571386	0.32435131073	0.0311587154865	NaN
20140219	0.0449101813137	0.343313366175	0.0350535549223	NaN
20140220	0.0379241518676	0.331337332725	0.0370009727776	NaN
20140221	0.035928145051	0.341317355633	0.0389105044305	NaN
20140222	0.0359640344977	0.326673328877	0.0408560298383	NaN
20140223	0.0359640344977	0.333666324615	0.0369649790227	NaN
20140224	0.0349650345743	0.349650353193	0.0418287925422	NaN
20140225	0.0369630381465	0.345654338598	0.04377431795	NaN
20140226	0.0329999998212	0.351648360491	0.0428015552461	NaN
20140227	0.0340000018477	0.348651349544	0.0447470806539	NaN
20140228	0.0370000004768	0.362637370825	0.0457198433578	NaN
20140301	0.0399999991059	0.370629370213	0.0477117821574	NaN
20140302	0.0390000008047	0.388611376286	0.0467380732298	NaN
20140303	0.0399999991059	0.387225538492	0.0506329126656	NaN
20140304	0.0360360369086	0.407185614109	0.0467380732298	NaN
20140305	0.0430430434644	0.399201601744	0.0457643605769	NaN
20140306	0.0410000011325	0.41916167736	0.048685491085	NaN
20140307	0.0379999987781	0.426147699356	0.0497076027095	NaN
20140308	0.0419999994338	0.441117763519	0.0477582849562	NaN
20140309	0.0370000004768	0.476047903299	0.0467836260796	NaN
20140310	0.0429570414126	0.490509480238	0.047804877162	NaN
20140311	0.0419580414891	0.495504498482	0.0487804859877	NaN
20140312	0.0419580414891	0.532467544079	0.0497560985386	NaN
20140313	0.0459540449083	0.530469536781	0.05170731619	NaN
20140314	0.0459540449083	0.540459513664	0.048828125	NaN
20140315	0.048951048404	0.550449550152	0.052734375	NaN
20140316	0.0519480518997	0.54545456171	0.052734375	NaN
20140317	0.048951048404	0.555555582047	0.0546875	NaN
20140318	0.0549450553954	0.546546518803	0.0498046875	NaN
20140319	0.0509490519762	0.547547519207	0.0498046875	NaN
